{
   "packages": [
      {
         "name": "esp8266",
         "maintainer": "ESP8266 Community",
         "websiteURL": "https://github.com/esp8266/Arduino",
         "email": "ivan@esp8266.com",
         "help": {
            "online": "https://esp8266.com/arduino"
         },
         "platforms": [
            {
               "category": "ESP8266",
               "name": "esp8266",
               "url": "",
               "version": "",
               "architecture": "esp8266",
               "archiveFileName": "",
               "boards": [
                  {
                     "name": "Generic ESP8266 Module"
                  },
                  {
                     "name": "Generic ESP8285 Module"
                  },
                  {
                     "name": "ESPDuino (ESP-13 Module)"
                  },
                  {
                     "name": "Adafruit Feather HUZZAH ESP8266"
                  },
                  {
                     "name": "Invent One"
                  },
                  {
                     "name": "XinaBox CW01"
                  },
                  {
                     "name": "ESPresso Lite 1.0"
                  },
                  {
                     "name": "ESPresso Lite 2.0"
                  },
                  {
                     "name": "Phoenix 1.0"
                  },
                  {
                     "name": "Phoenix 2.0"
                  },
                  {
                     "name": "NodeMCU 0.9 (ESP-12 Module)"
                  },
                  {
                     "name": "NodeMCU 1.0 (ESP-12E Module)"
                  },
                  {
                     "name": "Olimex MOD-WIFI-ESP8266(-DEV)"
                  },
                  {
                     "name": "SparkFun ESP8266 Thing"
                  },
                  {
                     "name": "SparkFun ESP8266 Thing Dev"
                  },
                  {
                     "name": "SparkFun Blynk Board"
                  },
                  {
                     "name": "SweetPea ESP-210"
                  },
                  {
                     "name": "LOLIN(WEMOS) D1 R2 & mini"
                  },
                  {
                     "name": "LOLIN(WEMOS) D1 mini Pro"
                  },
                  {
                     "name": "LOLIN(WEMOS) D1 mini Lite"
                  },
                  {
                     "name": "LOLIN(WeMos) D1 R1"
                  },
                  {
                     "name": "ESPino (ESP-12 Module)"
                  },
                  {
                     "name": "ThaiEasyElec's ESPino"
                  },
                  {
                     "name": "WifInfo"
                  },
                  {
                     "name": "Arduino"
                  },
                  {
                     "name": "4D Systems gen4 IoD Range"
                  },
                  {
                     "name": "Digistump Oak"
                  },
                  {
                     "name": "WiFiduino"
                  },
                  {
                     "name": "Amperka WiFi Slot"
                  },
                  {
                     "name": "Seeed Wio Link"
                  },
                  {
                     "name": "ESPectro Core"
                  },
                  {
                     "name": "Schirmilabs Eduino WiFi"
                  },
                  {
                     "name": "ITEAD Sonoff"
                  },
                  {
                     "name": "DOIT ESP-Mx DevKit (ESP8285)"
                  }
               ],
               "toolsDependencies": [
                  {
                     "packager": "esp8266",
                     "version": "3.0.0-gnu13-2f311fd",
                     "name": "xtensa-lx106-elf-gcc"
                  },
                  {
                     "packager": "esp8266",
                     "version": "3.0.0-gnu13-2f311fd",
                     "name": "mkspiffs"
                  },
                  {
                     "packager": "esp8266",
                     "version": "3.7.2-post1",
                     "name": "python3"
                  }
               ],
               "help": {
                  "online": ""
               }
            }
         ],
         "tools": [
            {
               "version": "3.7.2-post1",
               "name": "python3",
               "systems": [
                  {
                     "host": "x86_64-mingw32",
                     "url": "https://github.com/earlephilhower/esp-quick-toolchain/releases/download/2.5.0-4/python3-3.7.2.post1-embed-win32v2a.zip",
                     "archiveFileName": "python3-3.7.2.post1-embed-win32v2a.zip",
                     "checksum": "SHA-256:f57cb2daf86176d2929e7c58990c2ac32554e3219d454dcac10e464ddda35bf2",
                     "size": "6428926"
                  },
                  {
                     "host": "i686-mingw32",
                     "url": "https://github.com/earlephilhower/esp-quick-toolchain/releases/download/2.5.0-4/python3-3.7.2.post1-embed-win32v2a.zip",
                     "archiveFileName": "python3-3.7.2.post1-embed-win32va2.zip",
                     "checksum": "SHA-256:f57cb2daf86176d2929e7c58990c2ac32554e3219d454dcac10e464ddda35bf2",
                     "size": "6428926"
                  },
                  {
                     "host": "aarch64-linux-gnu",
                     "url": "https://github.com/earlephilhower/esp-quick-toolchain/releases/download/2.5.0-4/python3-via-env.tar.gz",
                     "archiveFileName": "python3-via-env.tar.gz",
                     "checksum": "SHA-256:c9237bfe0f62842d7187a39495baa4a7e3ab8b87c0b433614294b023cf0bc0f3",
                     "size": "292"
                  },
                  {
                     "host": "arm-linux-gnueabihf",
                     "url": "https://github.com/earlephilhower/esp-quick-toolchain/releases/download/2.5.0-4/python3-via-env.tar.gz",
                     "archiveFileName": "python3-via-env.tar.gz",
                     "checksum": "SHA-256:c9237bfe0f62842d7187a39495baa4a7e3ab8b87c0b433614294b023cf0bc0f3",
                     "size": "292"
                  },
                  {
                     "host": "i686-pc-linux-gnu",
                     "url": "https://github.com/earlephilhower/esp-quick-toolchain/releases/download/2.5.0-4/python3-via-env.tar.gz",
                     "archiveFileName": "python3-via-env.tar.gz",
                     "checksum": "SHA-256:c9237bfe0f62842d7187a39495baa4a7e3ab8b87c0b433614294b023cf0bc0f3",
                     "size": "292"
                  },
                  {
                     "host": "x86_64-apple-darwin",
                     "url": "https://github.com/earlephilhower/esp-quick-toolchain/releases/download/2.5.0-4/python3-macosx-portable.tar.gz",
                     "archiveFileName": "python3-macosx-portable.tar.gz",
                     "checksum": "SHA-256:01a5bf1fa264c6f04cfaadf4c6e9f6caaacb6833ef40104dfbe953fcdb9bca1c",
                     "size": "25494144"
                  },
                  {
                     "host": "x86_64-pc-linux-gnu",
                     "url": "https://github.com/earlephilhower/esp-quick-toolchain/releases/download/2.5.0-4/python3-via-env.tar.gz",
                     "archiveFileName": "python3-via-env.tar.gz",
                     "checksum": "SHA-256:c9237bfe0f62842d7187a39495baa4a7e3ab8b87c0b433614294b023cf0bc0f3",
                     "size": "292"
                  }
               ]
            },
            {
               "version": "3.0.0-gnu13-2f311fd",
               "name": "xtensa-lx106-elf-gcc",
               "systems": [
                  {
                     "host": "aarch64-linux-gnu",
                     "url": "https://github.com/earlephilhower/esp-quick-toolchain/releases/download/3.0.0-gnu13/aarch64-linux-gnu.xtensa-lx106-elf-2f311fd.200918.tar.gz",
                     "archiveFileName": "aarch64-linux-gnu.xtensa-lx106-elf-2f311fd.200918.tar.gz",
                     "checksum": "SHA-256:92671a2ba50d4d425463f261247b01705c3e83cb20a9e743624d849cf4673135",
                     "size": "70866139"
                  },
                  {
                     "host": "arm-linux-gnueabihf",
                     "url": "https://github.com/earlephilhower/esp-quick-toolchain/releases/download/3.0.0-gnu13/arm-linux-gnueabihf.xtensa-lx106-elf-2f311fd.200918.tar.gz",
                     "archiveFileName": "arm-linux-gnueabihf.xtensa-lx106-elf-2f311fd.200918.tar.gz",
                     "checksum": "SHA-256:ca5117531e9928ad057c992055fd0c8a68ba5cf8d08c86a6d94862912c867eaf",
                     "size": "66959729"
                  },
                  {
                     "host": "i686-pc-linux-gnu",
                     "url": "https://github.com/earlephilhower/esp-quick-toolchain/releases/download/3.0.0-gnu13/i686-linux-gnu.xtensa-lx106-elf-2f311fd.200918.tar.gz",
                     "archiveFileName": "i686-linux-gnu.xtensa-lx106-elf-2f311fd.200918.tar.gz",
                     "checksum": "SHA-256:7e136377a9bce4094593f22104c7d6bfb197bba40894ffa64dad9ccb978cf79e",
                     "size": "74047727"
                  },
                  {
                     "host": "i686-mingw32",
                     "url": "https://github.com/earlephilhower/esp-quick-toolchain/releases/download/3.0.0-gnu13/i686-w64-mingw32.xtensa-lx106-elf-2f311fd.200918.zip",
                     "archiveFileName": "i686-w64-mingw32.xtensa-lx106-elf-2f311fd.200918.zip",
                     "checksum": "SHA-256:e8a9718e4a3e3b91392f11d38272f51da2931454e5ded573b2755c6a858f31c3",
                     "size": "71067395"
                  },
                  {
                     "host": "x86_64-apple-darwin",
                     "url": "https://github.com/earlephilhower/esp-quick-toolchain/releases/download/3.0.0-gnu13/x86_64-apple-darwin14.xtensa-lx106-elf-2f311fd.200918.tar.gz",
                     "archiveFileName": "x86_64-apple-darwin14.xtensa-lx106-elf-2f311fd.200918.tar.gz",
                     "checksum": "SHA-256:8b81931fdf84913f09894747aaba7b26c950f578f5c294314889a14edfcaba2e",
                     "size": "75460809"
                  },
                  {
                     "host": "x86_64-pc-linux-gnu",
                     "url": "https://github.com/earlephilhower/esp-quick-toolchain/releases/download/3.0.0-gnu13/x86_64-linux-gnu.xtensa-lx106-elf-2f311fd.200918.tar.gz",
                     "archiveFileName": "x86_64-linux-gnu.xtensa-lx106-elf-2f311fd.200918.tar.gz",
                     "checksum": "SHA-256:ec0c4036c1cb9efe2f21a89f42b77a2c0d6ee7dfe284ff8e35024b7a25a06d53",
                     "size": "74560398"
                  },
                  {
                     "host": "x86_64-mingw32",
                     "url": "https://github.com/earlephilhower/esp-quick-toolchain/releases/download/3.0.0-gnu13/x86_64-w64-mingw32.xtensa-lx106-elf-2f311fd.200918.zip",
                     "archiveFileName": "x86_64-w64-mingw32.xtensa-lx106-elf-2f311fd.200918.zip",
                     "checksum": "SHA-256:988f7a2ecbdab45db392fd82d5b2a557264cd01b87e0659fc9e211990971f3d6",
                     "size": "75033229"
                  }
               ]
            },
            {
               "version": "3.0.0-gnu13-2f311fd",
               "name": "mkspiffs",
               "systems": [
                  {
                     "host": "aarch64-linux-gnu",
                     "url": "https://github.com/earlephilhower/esp-quick-toolchain/releases/download/3.0.0-gnu13/aarch64-linux-gnu.mkspiffs-7fefeac.200918.tar.gz",
                     "archiveFileName": "aarch64-linux-gnu.mkspiffs-7fefeac.200918.tar.gz",
                     "checksum": "SHA-256:16f7bcc7dce9e44f73a1a343a845f56893799ef480f3292d0d52359ce61f3df5",
                     "size": "51260"
                  },
                  {
                     "host": "arm-linux-gnueabihf",
                     "url": "https://github.com/earlephilhower/esp-quick-toolchain/releases/download/3.0.0-gnu13/arm-linux-gnueabihf.mkspiffs-7fefeac.200918.tar.gz",
                     "archiveFileName": "arm-linux-gnueabihf.mkspiffs-7fefeac.200918.tar.gz",
                     "checksum": "SHA-256:3ed5183d52cbe383804d521281087d25d5dedcf23307d8baf1e149c2d7fce6ef",
                     "size": "44270"
                  },
                  {
                     "host": "i686-pc-linux-gnu",
                     "url": "https://github.com/earlephilhower/esp-quick-toolchain/releases/download/3.0.0-gnu13/i686-linux-gnu.mkspiffs-7fefeac.200918.tar.gz",
                     "archiveFileName": "i686-linux-gnu.mkspiffs-7fefeac.200918.tar.gz",
                     "checksum": "SHA-256:efc0dedc01945829d892f2709326e1c7bbd8180773c4101b00c695b072f69fc5",
                     "size": "54513"
                  },
                  {
                     "host": "i686-mingw32",
                     "url": "https://github.com/earlephilhower/esp-quick-toolchain/releases/download/3.0.0-gnu13/i686-w64-mingw32.mkspiffs-7fefeac.200918.zip",
                     "archiveFileName": "i686-w64-mingw32.mkspiffs-7fefeac.200918.zip",
                     "checksum": "SHA-256:ff24cc666e3f6b2554717e084503c042072ad01a290b1f0c20e61aa829260487",
                     "size": "338192"
                  },
                  {
                     "host": "x86_64-apple-darwin",
                     "url": "https://github.com/earlephilhower/esp-quick-toolchain/releases/download/3.0.0-gnu13/x86_64-apple-darwin14.mkspiffs-7fefeac.200918.tar.gz",
                     "archiveFileName": "x86_64-apple-darwin14.mkspiffs-7fefeac.200918.tar.gz",
                     "checksum": "SHA-256:34328f6bb9219a97c65941a54817d9f0be25b379d703414216ab6d7bcfd56b1d",
                     "size": "368774"
                  },
                  {
                     "host": "x86_64-pc-linux-gnu",
                     "url": "https://github.com/earlephilhower/esp-quick-toolchain/releases/download/3.0.0-gnu13/x86_64-linux-gnu.mkspiffs-7fefeac.200918.tar.gz",
                     "archiveFileName": "x86_64-linux-gnu.mkspiffs-7fefeac.200918.tar.gz",
                     "checksum": "SHA-256:62b5140dc36f5a13ef183ece097b7b18c7c59fcce43e649d26dbd585ba5c1ec7",
                     "size": "52648"
                  },
                  {
                     "host": "x86_64-mingw32",
                     "url": "https://github.com/earlephilhower/esp-quick-toolchain/releases/download/3.0.0-gnu13/x86_64-w64-mingw32.mkspiffs-7fefeac.200918.zip",
                     "archiveFileName": "x86_64-w64-mingw32.mkspiffs-7fefeac.200918.zip",
                     "checksum": "SHA-256:9a08ea54593b901f7a853bacb39631e6585bdbefb9c0b4d1b40e9c5f31c78eed",
                     "size": "350355"
                  }
               ]
            },
            {
               "version": "3.0.0-gnu13-2f311fd",
               "name": "mklittlefs",
               "systems": [
                  {
                     "host": "aarch64-linux-gnu",
                     "url": "https://github.com/earlephilhower/esp-quick-toolchain/releases/download/3.0.0-gnu13/aarch64-linux-gnu.mklittlefs-295fe9b.200918.tar.gz",
                     "archiveFileName": "aarch64-linux-gnu.mklittlefs-295fe9b.200918.tar.gz",
                     "checksum": "SHA-256:b5280de4d9057a4affbc731e3b3d750e7def02ffa54f924764bf6bad1e16bff9",
                     "size": "44793"
                  },
                  {
                     "host": "arm-linux-gnueabihf",
                     "url": "https://github.com/earlephilhower/esp-quick-toolchain/releases/download/3.0.0-gnu13/arm-linux-gnueabihf.mklittlefs-295fe9b.200918.tar.gz",
                     "archiveFileName": "arm-linux-gnueabihf.mklittlefs-295fe9b.200918.tar.gz",
                     "checksum": "SHA-256:0fa337876f09fa6e1a8bd70525b1d0866656dd6e797a823fbbbd41ae1fd17033",
                     "size": "37332"
                  },
                  {
                     "host": "i686-pc-linux-gnu",
                     "url": "https://github.com/earlephilhower/esp-quick-toolchain/releases/download/3.0.0-gnu13/i686-linux-gnu.mklittlefs-295fe9b.200918.tar.gz",
                     "archiveFileName": "i686-linux-gnu.mklittlefs-295fe9b.200918.tar.gz",
                     "checksum": "SHA-256:460b3b2e63e859159cc9eafd4d80896bce779c99b37d7d6257032f51b028513b",
                     "size": "48241"
                  },
                  {
                     "host": "i686-mingw32",
                     "url": "https://github.com/earlephilhower/esp-quick-toolchain/releases/download/3.0.0-gnu13/i686-w64-mingw32.mklittlefs-295fe9b.200918.zip",
                     "archiveFileName": "i686-w64-mingw32.mklittlefs-295fe9b.200918.zip",
                     "checksum": "SHA-256:5b8198083cd57f7e33f3b9e18b85f704b6802b7b5afd4586c927db5ddbe9b831",
                     "size": "332804"
                  },
                  {
                     "host": "x86_64-apple-darwin",
                     "url": "https://github.com/earlephilhower/esp-quick-toolchain/releases/download/3.0.0-gnu13/x86_64-apple-darwin14.mklittlefs-295fe9b.200918.tar.gz",
                     "archiveFileName": "x86_64-apple-darwin14.mklittlefs-295fe9b.200918.tar.gz",
                     "checksum": "SHA-256:bb2b5dc41b8ef009a996b3e714ce6dbf0e9fdbfee16ef453fd2159764ba3bb7b",
                     "size": "362803"
                  },
                  {
                     "host": "x86_64-pc-linux-gnu",
                     "url": "https://github.com/earlephilhower/esp-quick-toolchain/releases/download/3.0.0-gnu13/x86_64-linux-gnu.mklittlefs-295fe9b.200918.tar.gz",
                     "archiveFileName": "x86_64-linux-gnu.mklittlefs-295fe9b.200918.tar.gz",
                     "checksum": "SHA-256:271b21f65ab00584bb6778b95142878505629047e768ad5fa6703f50f4490e4b",
                     "size": "46919"
                  },
                  {
                     "host": "x86_64-mingw32",
                     "url": "https://github.com/earlephilhower/esp-quick-toolchain/releases/download/3.0.0-gnu13/x86_64-w64-mingw32.mklittlefs-295fe9b.200918.zip",
                     "archiveFileName": "x86_64-w64-mingw32.mklittlefs-295fe9b.200918.zip",
                     "checksum": "SHA-256:9b8fc06f849904e764e997d5289fb2ecd87b46283a3799483130a5953927a0a6",
                     "size": "345249"
                  }
               ]
            }
         ]
      }
   ]
}